# 第2回

## SQL勉強回

### 文字列の連結を行う

---

文字列の連結を行う場合は`||`（パイプ）を使用します。  

```sql
-- customersテーブルのcustomer_nameに様をつけて表示する
SELECT
  customer_name || '様'
FROM
  customers
;
```

#### 注意点

MySQLの場合、SQLモードに`PIPES_AS_CONCAT`が設定されていないとパイプが使用できません。  
上記設定が適用されていない場合の文字列連結は`concat`を使用します。  
しかし、concatはMySQL独自の関数（他のRDBMSで使用できない）なのでおすすめしません。 

```sql
-- concatを使用した文字列連結
SELECT
  concat(customer_name, '様')
FROM
  customers
;
```

SQLモードに`PIPES_AS_CONCAT`を適用する場合は設定ファイル（my.cnf）に指定するか、  
`SET sql_mode`という構文を使います。  

my.cnfに書く場合  

```
[mysqld]
sql-mode="PIPES_AS_CONCAT"
```

SQLで実行して設定する場合  

```sql
-- 現在設定されているsql_modeを確認するコマンド
SELECT @@global.sql_mode;

/***

+-------------------------------------------------------------+
| @@global.sql_mode                                           |
+-------------------------------------------------------------+
| REAL_AS_FLOAT,PIPES_AS_CONCAT,ANSI_QUOTES,IGNORE_SPACE,ANSI |
+-------------------------------------------------------------+
1 row in set (0.00 sec)

***/

-- sql_modeにPIPES_AS_CONCATを加える
SET sql_mode = 'PIPES_AS_CONCAT'
```

### 集合関数を使う

集合関数とは、複数のレコードの値をまとめて1つの結果を出すためのものです。  
同じ列（column）の値の集まり（集合）から一番大きな値を取り出したり（MAX）、平均を取ったり（AVG）、合計を求めたり（SUM）することができます。  

#### 集合関数の種類

| 名前 | できること |
|:----:|:----------:|
| AVG  | 平均を求める |
| SUM  | 合計を求める |
| MAX  | 最大値を求める |
| MIN  | 最小値を求める |
| COUNT  | 集合の件数を求める |

```sql
-- products（商品）の平均単価を求める
SELECT
  AVG(price)
FROM
  products
;

-- 商品の合計金額を求める
SELECT
  SUM(price)
FROM
  products
;

-- 一番金額が高い商品の金額を求める
SELECT
  MAX(price)
FROM
  products
;

-- 一番金額が安い商品の金額を求める
SELECT
  MIN(price)
FROM
  products
;

-- customersの顧客数（テーブルの件数）を求める
SELECT
  COUNT(id)
FROM
  products
;
```

### ある条件でレコードを絞り込む（その1）

ある条件に基づいて複数のレコードの中から条件に合致する特定のレコードだけを取り出す時は`WHERE`を使用します。  

```sql
-- employees（社員）テーブルの中から身長（height）が180cm以上の人の名前を抽出する
SELECT
  employee_name
FROM
  employees
WHERE
  height >= 180
;
```

#### WHEREで使用できる演算子一覧

| 比較演算子 | 意味 | 例 |
|:----------:|:----:|:--:|
| =     | 等しい     | col = 100  |
| != <> | 等しくない | col <> 100 |
| >=    | 以上       | col >= 100 |
| <=    | 以下       | col <= 100 |
| >     | より大きい | col > 100  |
| <     | より小さい | col < 100  |
| BETWEEN a AND b     | a以上b以下の範囲             | col BETWEEN 100 AND 200 |
| NOT BETWEEN a AND b | a以上b以下の範囲外           | col NOT BETWEEN 100 AND 200 |
| IN (LIST)           | LIST内のいずれかと等しい     | col IN (10, 20) |
| NOT IN (LIST)       | LIST内のいずれとも等しくない | col NOT IN (10, 20) |
| IS NULL             | NULL値である                 | col IS NULL |
| IS NOT NULL         | NULL値でない                 | col IS NOT NULL |
| LIKE                | 文字パターンと一致する       | col LIKE 'A%' |
| NOT LIKE            | 文字パターンと一致しない     | col NOT LIKE 'A%' |
| EXISTS              | 副問い合わせの結果が1件以上一致する | col EXISTS (SELECT * FROM table col) |
| NOT EXISTS          | 副問い合わせの結果が1件も一致しない | col NOT EXISTS (SELECT * FROM table col) |

#### 条件が2つ以上ある場合

WHERE句は、AND(2つの条件を結合して、両方の条件が真の場合に、条件が成立したと判断する）や、  
OR（2つの条件を結合して、どちらか一方の条件が真の場合に、条件が成立したと判断する）を使うことができます。  

```sql
-- 身長が160cm以上180cm未満の人を抽出する
SELECT
  employee_name,
  height
FROM
  employees
WHERE
      height >= 160
  AND height <  180
;

-- 身長が180cm以上又は150cm未満の人を抽出する
SELECT
  employee_name,
  height
FROM
  employees
WHERE
      height >= 180
   OR height <  150
;
```

### ある条件でレコードを絞り込む（その2）

*LIKE* 演算子は、WHERE句に書く条件に使用するもので、指定した文字列を含んでいる同化を調べます。  
任意の文字列の場合は`*`、任意の一文字の場合は`_`を使用することができます。  

```sql
-- 名前の末尾に'子'がつく社員を抽出する
SELECT
  employee_name
FROM
  employees
WHERE
  employee_name LIKE '%子'
;

/***
+---------------+
| employee_name |
+---------------+
| マキ子        |
| ぴー子        |
| さくら子      |
+---------------+
3 rows in set (0.00 sec)
***/


-- 名前の末尾の'子'の前に3文字つく社員を抽出する
SELECT
  employee_name
FROM
  employees
WHERE
  employee_name LIKE '___子'
;

/***
+---------------+
| employee_name |
+---------------+
| さくら子      |
+---------------+
1 row in set (0.00 sec)
***/

-- 名前のどこかに'ー'がつく社員を抽出する
SELECT
  employee_name
FROM
  employees
WHERE
  employee_name LIKE '%ー%'
;

/***
+-----------------+
| employee_name   |
+-----------------+
| シマゴロー      |
| ミチロー        |
| クー            |
| ぴー子          |
| モンチー        |
| キュー          |
| マー            |
| サリー          |
| うー太          |
| ローリー        |
| スー            |
| ミーヤ          |
+-----------------+
12 rows in set (0.00 sec)
***/
```

#### 余談

collation（照合順序）を`utf8_unicode_ci`にするとひらがなとカタカナを区別しなくなります。  

```sql
SELECT
  employee_name
FROM
  employees
WHERE
  employee_name LIKE '%い%'
;

/***
+---------------+
| employee_name |
+---------------+
| マイケル      |
+---------------+
1 row in set (0.00 sec)
***/
```

#### NULLの挙動について

実際の動作結果を見てもらったほうが早いかな…  

```sql
SELECT
  count(*),
  count(email)
FROM
  employees
;

/***
+----------+--------------+
| count(*) | count(email) |
+----------+--------------+
|       31 |           30 |
+----------+--------------+
1 row in set (0.00 sec)
***/

SELECT
  count(*)
FROM
  employees
WHERE
  email IS NULL
;

/***
+----------+
| count(*) |
+----------+
|        1 |
+----------+
1 row in set (0.00 sec)
***/
```

