# 第3回 その1

## SQL勉強会

### 条件分岐を行う

##### 例題1:

_うちの商品を各区隊別でランク付けしてみるとどうなるだろうか。ちょっと調べてくれ。_

SQLで条件分岐を行う場合は`CASE`を使用します。  
MySQLだと`IF`があったり、Oracleだと`DECODE`なんてのもありますが、`CASE`の方が強力ですしSQL標準なので`CASE`を使用しましょう。  

#### 基本的な文法

CASE式の書式には、単純CASE式（simple case）と検索CASE式（searched case）という2通りの書き方があります。  

```sql
--単純CASE式 
CASE gender
  WHEN 1 THEN '男' 
  WHEN 2 THEN '女' 
  ELSE 'その他' 
END 

--検索CASE式
CASE
  WHEN gender = 1 THEN '男'
  WHEN gender = 2 THEN '女'
  ELSE 'その他'
END 
```

この二つは、どちらも同じ動作をします。「性別（gender）」列が`1`なら「男」へ、`2`なら「女」へ読み替えているわけです。単純CASE式の方がその名の通り簡潔に書けますが、できることも限られています。  

単純CASE式は等しいかどうかのチェックだけを実行できます。つまり「＝」だけ。検索CASE式は比較値に基づいて結果セット内で値を置換できます。いろんな演算子も使用できます。  

単純CASE式で書ける条件は、検索CASE式でも書くことができます。個人的には、全部検索CASE式の書き方で書いちゃって問題無い気がします。

##### 要件:

* priceが1000円未満の商品は`C`を表示する
* priceが1000円以上2000円未満の商品は`B`を表示する
* priceが2000円以上の商品は`A`を表示する

```sql
SELECT
  product_name AS '商品名',
  CASE
    WHEN price < 1000 THEN 'C'
    WHEN price < 2000 THEN 'B'
    ELSE 'A'
  END AS 'ランク'
FROM
  products
;

-- 本当にあってるのか確認したい場合は、SELECTにpriceを追加して
-- さらにpriceでソートするとわかりやすいでしょう
SELECT
  product_name AS '商品名',
  CASE
    WHEN price < 1000 THEN 'C'
    WHEN price < 2000 THEN 'B'
    ELSE 'A'
  END AS 'ランク',
  price
FROM
  products
ORDER BY
  price
;
```

##### 例題2:

_テーブルemployeeを身長ごとにランク付けしてください_


##### 要件:

* height160未満を`A`
* height160以上170未満を`B`
* height170以上180未満を`C`
* height180以上を`D`

1回目に出た回答  

```sql
SELECT
  CASE
    WHEN height < 160 THEN 'A'
    WHEN height > 160 AND height < 170 THEN 'B'
    WHEN height > 170 AND height < 180 THEN 'C'
    WHEN height >= 180 THEN 'D'
  END AS '身長',
  height
FROM
  employee
ORDER BY
  height,
  身長
;

/***
+--------+--------+
| 身長   | height |
+--------+--------+
| A      |    147 |
| A      |    148 |
| A      |    149 |
| A      |    153 |
| A      |    155 |
| A      |    155 |
| A      |    155 |
| A      |    156 |
| A      |    158 |
| A      |    158 |
| NULL   |    160 |
| B      |    161 |
| B      |    161 |
| B      |    162 |
| B      |    163 |
| B      |    164 |
| B      |    165 |
| B      |    168 |
| B      |    168 |
| B      |    169 |
| B      |    169 |
| NULL   |    170 |
| NULL   |    170 |
| NULL   |    170 |
| C      |    172 |
| C      |    173 |
| C      |    176 |
| C      |    178 |
| D      |    180 |
| D      |    185 |
| D      |    190 |
+--------+--------+
31 rows in set (0.00 sec)
***/
```

##### 問題点

* 下記の書き方は160が範囲に含まれない状態になってしまうため、表示が`NULL`になってしまう。170も同様。

```sql
WHEN height > 160 AND height < 170 THEN 'B'
```

きちんと表示される書き方に直すと、下記の通りになる

```sql
SELECT
  CASE
    WHEN height < 160 THEN 'A'
    WHEN height >= 160 AND height < 170 THEN 'B'
    WHEN height >= 170 AND height < 180 THEN 'C'
    WHEN height >= 180 THEN 'D'
  END AS '身長',
  height
FROM
  employee
ORDER BY
  height,
  身長
;

/***
+--------+--------+
| 身長   | height |
+--------+--------+
| A      |    147 |
| A      |    148 |
| A      |    149 |
| A      |    153 |
| A      |    155 |
| A      |    155 |
| A      |    155 |
| A      |    156 |
| A      |    158 |
| A      |    158 |
| B      |    160 |
| B      |    161 |
| B      |    161 |
| B      |    162 |
| B      |    163 |
| B      |    164 |
| B      |    165 |
| B      |    168 |
| B      |    168 |
| B      |    169 |
| B      |    169 |
| C      |    170 |
| C      |    170 |
| C      |    170 |
| C      |    172 |
| C      |    173 |
| C      |    176 |
| C      |    178 |
| D      |    180 |
| D      |    185 |
| D      |    190 |
+--------+--------+
31 rows in set (0.00 sec)
***/
```

さらに、下記はこのように書いても同じ意味になるため、記述を短くできる。

```sql
SELECT
  CASE
    WHEN height < 160 THEN 'A'
    WHEN height < 170 THEN 'B'
    WHEN height < 180 THEN 'C'
    ELSE 'D'
  END AS '身長',
  height
FROM
  employee
ORDER BY
  height,
  身長
;

/***
+--------+--------+
| 身長   | height |
+--------+--------+
| A      |    147 |
| A      |    148 |
| A      |    149 |
| A      |    153 |
| A      |    155 |
| A      |    155 |
| A      |    155 |
| A      |    156 |
| A      |    158 |
| A      |    158 |
| B      |    160 |
| B      |    161 |
| B      |    161 |
| B      |    162 |
| B      |    163 |
| B      |    164 |
| B      |    165 |
| B      |    168 |
| B      |    168 |
| B      |    169 |
| B      |    169 |
| C      |    170 |
| C      |    170 |
| C      |    170 |
| C      |    172 |
| C      |    173 |
| C      |    176 |
| C      |    178 |
| D      |    180 |
| D      |    185 |
| D      |    190 |
+--------+--------+
31 rows in set (0.00 sec)
***/
```

このように、条件分岐はシンプルに分かりやすく記述することが重要である。  
しかし、SQLに限らず条件分岐（if文等）はバグの温床となりやすいため、なるべく書かないように意識することも重要である。  

